sim_time,clock,KW_7,KVAR_7,Vpu_7,Vpu_12
0.0,2019-03-20 12:12:09.937000,0.0,0.0,0.9945337245296719,0.9751283601661985
